{
  "design_name": "design_0563",
  "n_choice": 20,
  "guidance_scale": 3.0,
  "target": {
    "s11": [
      0.36770278215408325,
      0.40064340829849243,
      0.4310656785964966,
      0.4588313698768616,
      0.48392727971076965,
      0.506428062915802,
      0.526458740234375,
      0.5441628694534302,
      0.5596794486045837,
      0.5731298327445984,
      0.5846144556999207,
      0.5942164063453674,
      0.6020089387893677,
      0.6080630421638489,
      0.6124526262283325,
      0.6152550578117371,
      0.6165478825569153,
      0.6164019107818604,
      0.614872932434082,
      0.6119948625564575,
      0.6077752709388733,
      0.6021954417228699,
      0.5952138900756836,
      0.5867726802825928,
      0.5768051147460938,
      0.5652422308921814,
      0.5520170331001282,
      0.5370657444000244,
      0.5203267931938171,
      0.5017391443252563,
      0.4812425374984741,
      0.4587816894054413,
      0.4343165159225464,
      0.4078391194343567,
      0.37939587235450745,
      0.3491120934486389,
      0.3172152638435364,
      0.28405165672302246,
      0.250092476606369,
      0.21592552959918976,
      0.18223214149475098,
      0.14974959194660187,
      0.11922309547662735,
      0.09135220944881439,
      0.06673812121152878,
      0.04583795741200447,
      0.028931625187397003,
      0.016104765236377716,
      0.007249502465128899,
      0.002082221442833543
    ],
    "y_width_um_true": [
      1.100000023841858,
      1.049957036972046,
      0.9995152950286865,
      0.9515218734741211,
      0.9062288403511047,
      0.8638482093811035,
      0.8245507478713989,
      0.7884650826454163,
      0.7556777596473694,
      0.7262337803840637,
      0.7001380324363708,
      0.6773568391799927,
      0.6578204035758972,
      0.6414257884025574,
      0.628040075302124,
      0.6175042986869812,
      0.609637439250946,
      0.6042405366897583,
      0.6011016368865967,
      0.6000000238418579,
      0.600710928440094,
      0.6030104160308838,
      0.606679379940033,
      0.6115081906318665,
      0.6173005104064941,
      0.6238768696784973,
      0.6310780048370361,
      0.638767659664154,
      0.6468347311019897,
      0.6551952362060547,
      0.6637930870056152,
      0.6726011037826538,
      0.6816207766532898,
      0.6908816695213318,
      0.7004403471946716,
      0.7103784680366516,
      0.7208006381988525,
      0.7318317294120789,
      0.743613600730896,
      0.7563014626502991,
      0.7700600624084473,
      0.7850596308708191,
      0.8014714121818542,
      0.8194634318351746,
      0.8391958475112915,
      0.8608166575431824,
      0.8844574689865112,
      0.9102294445037842,
      0.9382195472717285,
      0.9684869647026062,
      1.0010603666305542,
      1.0359350442886353,
      1.0730714797973633,
      1.1123929023742676,
      1.1537855863571167,
      1.1970975399017334,
      1.2421396970748901,
      1.2886862754821777,
      1.3364770412445068,
      1.385218858718872,
      1.4345890283584595,
      1.4842382669448853,
      1.53379487991333,
      1.5828684568405151,
      1.631055235862732,
      1.6779425144195557,
      1.723114013671875,
      1.7661553621292114,
      1.8066589832305908,
      1.8442301750183105,
      1.8784921169281006,
      1.9090908765792847,
      1.935700535774231,
      1.9580276012420654,
      1.9758154153823853,
      1.9888474941253662,
      1.9969512224197388,
      2.0,
      1.9979156255722046,
      1.9906694889068604,
      1.978283166885376,
      1.9608289003372192,
      1.938428282737732,
      1.9112517833709717,
      1.8795160055160522,
      1.8434813022613525,
      1.8034487962722778,
      1.7597566843032837,
      1.7127758264541626,
      1.6629048585891724,
      1.6105659008026123,
      1.5561988353729248,
      1.500255823135376,
      1.500255823135376,
      1.4431960582733154,
      1.3854796886444092,
      1.327562689781189,
      1.2698911428451538,
      1.2128963470458984,
      1.100000023841858
    ]
  },
  "predictions": [
    {
      "label": "DDPM v1",
      "kind": "ddpm",
      "version": "v1",
      "y_pred_um": [
        1.0586307048797607,
        1.0936824083328247,
        1.149778127670288,
        1.206655740737915,
        1.239464521408081,
        1.267272710800171,
        1.28984534740448,
        1.313711404800415,
        1.3365321159362793,
        1.3737972974777222,
        1.375715970993042,
        1.3974064588546753,
        1.4308466911315918,
        1.44237220287323,
        1.4541054964065552,
        1.4774694442749023,
        1.499941349029541,
        1.5122005939483643,
        1.5273274183273315,
        1.5340139865875244,
        1.5458296537399292,
        1.5562005043029785,
        1.5632071495056152,
        1.5636123418807983,
        1.5605976581573486,
        1.5511932373046875,
        1.5640822649002075,
        1.5629298686981201,
        1.5670084953308105,
        1.581494927406311,
        1.5879347324371338,
        1.6008820533752441,
        1.6114447116851807,
        1.6143710613250732,
        1.620666742324829,
        1.6190276145935059,
        1.5939797163009644,
        1.5922067165374756,
        1.5692756175994873,
        1.5250999927520752,
        1.4971033334732056,
        1.4588778018951416,
        1.452303171157837,
        1.412266492843628,
        1.3657811880111694,
        1.3459595441818237,
        1.3060258626937866,
        1.2843478918075562,
        1.2610586881637573,
        1.2313215732574463,
        1.208832025527954,
        1.1918715238571167,
        1.174050211906433,
        1.1561061143875122,
        1.1403087377548218,
        1.1159188747406006,
        1.0981736183166504,
        1.0732074975967407,
        1.0471857786178589,
        1.0191287994384766,
        1.012502670288086,
        0.9970235228538513,
        0.9757872223854065,
        0.9604542255401611,
        0.937028706073761,
        0.9316415786743164,
        0.9176424741744995,
        0.8738454580307007,
        0.844518780708313,
        0.8255729079246521,
        0.7911721467971802,
        0.7734774351119995,
        0.7483950853347778,
        0.7365188598632812,
        0.710587203502655,
        0.6824978590011597,
        0.6762329936027527,
        0.6583737134933472,
        0.6328483819961548,
        0.592576265335083,
        0.5903842449188232,
        0.5763484835624695,
        0.5669201016426086,
        0.5516624450683594,
        0.5526882410049438,
        0.5502825975418091,
        0.5420979261398315,
        0.5528006553649902,
        0.5512022376060486,
        0.5516023635864258,
        0.576813817024231,
        0.602046549320221,
        0.623567521572113,
        0.6509617567062378,
        0.665313720703125,
        0.6839628219604492,
        0.7263692617416382,
        0.7687059640884399,
        0.8370023965835571,
        0.9001482725143433
      ]
    },
    {
      "label": "DDPM v2",
      "kind": "ddpm",
      "version": "v2",